Row: 0 formatted_number=(650) 555-1212, duration=3, subject=NULL, is_call_log_phone_account_migration_pending=0, subscription_id=1, photo_id=0, post_dial_digits=, call_screening_app_name=NULL, priority=0, number=6505551212, countryiso=US, photo_uri=, geocoded_location=California, missed_reason=0, is_business_call=0, block_reason=0, subscription_component_name=com.android.phone/com.android.services.telephony.TelephonyConnectionService, add_for_all_users=1, numbertype=0, features=0, transcription=NULL, last_modified=1763317048227, _id=1, new=1, date=1763317039726, name=, type=1, presentation=1, via_number=, numberlabel=, normalized_number=+16505551212, composer_photo_uri=NULL, phone_account_address=+15551234567, phone_account_hidden=0, lookup_uri=, voicemail_uri=NULL, matched_number=NULL, transcription_state=0, data_usage=NULL, location=NULL, asserted_display_name=NULL, call_screening_component_name=NULL, is_read=NULL
Row: 1 formatted_number=(650) 555-1212, duration=0, subject=NULL, is_call_log_phone_account_migration_pending=0, subscription_id=1, photo_id=0, post_dial_digits=, call_screening_app_name=NULL, priority=0, number=6505551212, countryiso=US, photo_uri=, geocoded_location=California, missed_reason=131072, is_business_call=0, block_reason=0, subscription_component_name=com.android.phone/com.android.services.telephony.TelephonyConnectionService, add_for_all_users=1, numbertype=0, features=0, transcription=NULL, last_modified=1763317080075, _id=2, new=0, date=1763317049538, name=, type=3, presentation=1, via_number=, numberlabel=, normalized_number=+16505551212, composer_photo_uri=NULL, phone_account_address=+15551234567, phone_account_hidden=0, lookup_uri=, voicemail_uri=NULL, matched_number=NULL, transcription_state=0, data_usage=NULL, location=NULL, asserted_display_name=NULL, call_screening_component_name=NULL, is_read=1
Row: 2 formatted_number=(650) 555-1212, duration=2, subject=NULL, is_call_log_phone_account_migration_pending=0, subscription_id=1, photo_id=0, post_dial_digits=, call_screening_app_name=NULL, priority=0, number=6505551212, countryiso=US, photo_uri=, geocoded_location=California, missed_reason=0, is_business_call=0, block_reason=0, subscription_component_name=com.android.phone/com.android.services.telephony.TelephonyConnectionService, add_for_all_users=1, numbertype=0, features=0, transcription=NULL, last_modified=1763317061779, _id=3, new=1, date=1763317057027, name=, type=2, presentation=1, via_number=, numberlabel=, normalized_number=+16505551212, composer_photo_uri=NULL, phone_account_address=+15551234567, phone_account_hidden=0, lookup_uri=, voicemail_uri=NULL, matched_number=NULL, transcription_state=0, data_usage=NULL, location=NULL, asserted_display_name=NULL, call_screening_component_name=NULL, is_read=NULL
Row: 3 formatted_number=(650) 555-1212, duration=0, subject=NULL, is_call_log_phone_account_migration_pending=0, subscription_id=1, photo_id=0, post_dial_digits=, call_screening_app_name=NULL, priority=0, number=6505551212, countryiso=US, photo_uri=, geocoded_location=California, missed_reason=0, is_business_call=0, block_reason=0, subscription_component_name=com.android.phone/com.android.services.telephony.TelephonyConnectionService, add_for_all_users=1, numbertype=0, features=0, transcription=NULL, last_modified=1763317065493, _id=4, new=1, date=1763317063192, name=, type=2, presentation=1, via_number=, numberlabel=, normalized_number=+16505551212, composer_photo_uri=NULL, phone_account_address=+15551234567, phone_account_hidden=0, lookup_uri=, voicemail_uri=NULL, matched_number=NULL, transcription_state=0, data_usage=NULL, location=NULL, asserted_display_name=NULL, call_screening_component_name=NULL, is_read=NULL
Row: 4 formatted_number=(789) 997-7860, duration=0, subject=NULL, is_call_log_phone_account_migration_pending=0, subscription_id=1, photo_id=0, post_dial_digits=, call_screening_app_name=NULL, priority=0, number=7899977860, countryiso=US, photo_uri=, geocoded_location=, missed_reason=0, is_business_call=0, block_reason=0, subscription_component_name=com.android.phone/com.android.services.telephony.TelephonyConnectionService, add_for_all_users=1, numbertype=0, features=0, transcription=NULL, last_modified=1763317077891, _id=5, new=1, date=1763317074320, name=, type=5, presentation=1, via_number=, numberlabel=, normalized_number=7899977860, composer_photo_uri=NULL, phone_account_address=+15551234567, phone_account_hidden=0, lookup_uri=, voicemail_uri=NULL, matched_number=NULL, transcription_state=0, data_usage=NULL, location=NULL, asserted_display_name=NULL, call_screening_component_name=NULL, is_read=NULL
Row: 5 formatted_number=(789) 997-7861, duration=0, subject=NULL, is_call_log_phone_account_migration_pending=0, subscription_id=1, photo_id=0, post_dial_digits=, call_screening_app_name=NULL, priority=0, number=7899977861, countryiso=US, photo_uri=, geocoded_location=, missed_reason=0, is_business_call=0, block_reason=0, subscription_component_name=com.android.phone/com.android.services.telephony.TelephonyConnectionService, add_for_all_users=1, numbertype=0, features=0, transcription=NULL, last_modified=1763317103456, _id=6, new=1, date=1763317101236, name=, type=5, presentation=1, via_number=, numberlabel=, normalized_number=7899977861, composer_photo_uri=NULL, phone_account_address=+15551234567, phone_account_hidden=0, lookup_uri=, voicemail_uri=NULL, matched_number=NULL, transcription_state=0, data_usage=NULL, location=NULL, asserted_display_name=NULL, call_screening_component_name=NULL, is_read=NULL
